3536-23268-0002-0_9.flac,Yet did the watchful Miss Woodley often times hear a sigh escape from her unknown to herself till she was reminded of it and then a sudden blush would instantly overspread her face.
3536-23268-0012-0_3.flac,It was not from any real cause of grief that she wept but there was a magnetic quality in tears which always attracted hers.
3536-23268-0013-0_7.flac,""Do you think I would go?"" answered Miss Millner with an eagerness that for a time suppressed her tears ""in contradiction to his will?""
3536-23268-0026-0_3.flac,Forgive the duties of my office and believe that no one is half so much concerned if it robs you of any degree of happiness as I myself am.
3536-23268-0028-0_1.flac,She was going to reply but found she could not without accompanying her words with tears therefore after the first attempt she desisted.
3536-8226-0001-0_7.flac,And now had come to pass that his sole remaining ally Samuel Basel the ex-policeman was becoming weary of his service.
3536-8226-0004-0_5.flac,Misses Basel was disposed to think that ladies of quality among whom Madamme Tea was entitled in her estimation to take rank were seldom better than they ought to be and she was quite willing that her husband should earn his bread by watching the lady or the lady's lover.
3536-8226-0007-0_5.flac,Of course it ain't said Misses Basel.
3536-8226-0013-0_1.flac,It's that as makes him and I won't say what.
3536-8226-0020-0_9.flac,It is very much easier for such men as Mister Basel to carry decency of appearance about with them than to keep it at home.
3536-8226-0021-0_3.flac,Perhaps you could put on your coat and walk out with me for a few minutes said Travallion.
3536-8226-0022-0_5.flac,Misses Basel who well understood that busyness was busyness and that wives were not busyness felt no anger at this and handed her husband his best coat.
3536-8226-0027-0_7.flac,And all work had ceased with him.
3536-8226-0029-0_1.flac,I've watched as sharp as watching can go pretty near.
3536-8226-0031-0_9.flac,And Basel as he said this smiled almost aloud.
